id;prompted_entries;date;emotion_from_mood_picker;current_tab
1;index FTP;2024-03-04;Granite explicit;Entries
2;parse;2024-03-04;Marketing Refined;Entries
3;interfaces Oklahoma;2024-03-04;synthesize Algeria function;Entries
4;programming Plastic;2024-03-05;PCI Moldova;Entries
5;redundant pixel;2024-03-04;mobile;All
6;interface teal;2024-03-05;tertiary Networked;Entries
7;Fish;2024-03-05;Incredible;Prompts
8;Small;2024-03-04;compressing;All
9;e-commerce Market;2024-03-04;Corner SCSI Keyboard;Entries
10;withdrawal Internal;2024-03-04;Re-contextualized People's Books;Prompts
